Country name,Agricultural land under irrigation (percent of total ag. land),Cereal yield (kg per hectare),Foreign direct investment net inflows (percent of GDP),Energy use per units of GDP (kg oil eq./$1000 of 2005 PPP $),Energy use per capita (kilograms of oil equivalent),CO2 emissions total (KtCO2),CO2 emissions per capita (metric tons),CO2 emissions per units of GDP (kg/$1000 of 2005 PPP $),GHG net emissions/removals by LUCF (MtCO2e),Population in urban agglomerations >1million (percent),Nationally terrestrial protected areas (percent of total land area),Invest. in energy w/ private participation ($),Invest. in telecoms w/ private participation ($),Invest. in transport w/ private participation ($),Invest. in water/sanit. w/ private participation ($),Public sector mgmt & institutions avg. (1-6 scale; 6=best),Paved roads (percent of total roads),GDP ($),GNI per capita (Atlas $),Ratio of girls to boys in primary & secondary school (percent),Primary completion rate total (percent of relevant age group),Under-five mortality rate (per 1000),Access to improved water source (percent of total pop.),Nurses and midwives (per 1000 people),Physicians (per 1000 people),Malaria incidence rate (per 100000 people),Access to improved sanitation (percent of total pop.),Child malnutrition underweight (percent of under age 5),Population living below $1.25 a day (percent of total),Population growth (annual percent),Population,Urban population growth (annual percent),Urban population
Aruba,?,?,?,?,?,2288.208,21.6838314728,?,?,?,0.1049297745,?,?,?,?,?,?,?,?,100.179,94.6417,?,100,?,?,?,?,?,?,1.2405344284,105526,1.368876692,49365.0628
Andorra,?,?,?,?,?,539.049,6.5278346271,?,?,?,6.0291116146,?,?,?,?,?,?,3.71203426650674E9,41750,103.437,?,3.9,100,?,?,?,100,?,?,1.447877605,82577,0.9318921641,73427.4684
Afghanistan,5.7794777104,1418.1,2.5515833333,?,?,814.074,0.0250348301,28.4799769138,?,10.5177875259,0.4330522544,?,1.85E8,?,?,2.2,?,1.17574055325125E10,290,59.787,?,149.6,48,?,?,2428,37,?,?,2.8313,3.25176563188065E7,4.3852846515,7817244.57904108
Angola,?,729.9,1.9945363253,114.4918993696,630.6366949175,24370.882,1.3510882936,245.289667081,?,23.5713409784,12.3998266057,0,3.27E8,?,?,2.4,?,8.41785125024322E10,3420,?,?,168.2,50,?,?,21593,57,?,?,2.8829273741,1.8037964E7,4.4829615088,1.0227525588E7
Albania,9.9915325995,4081.1,7.3923178412,89.9795475488,649.9245457263,4176.713,1.3128550131,181.7597148,?,?,9.7896160228,?,6.4E7,?,?,?,?,1.29686535247799E10,3820,?,?,19.9,97,?,?,?,98,?,0.62,0.3694504429,3181397,1.7487826562,1486348.6784
United Arab Emirates,?,3000,5.251085597,240.5092152232,9409.6517542632,155066.429,24.9840257738,638.5877595566,?,23.632964335,5.6195033128,?,?,?,?,?,?,2.61347863149485E11,?,?,?,7.9,100,?,?,?,97,?,?,13.8192409121,6206623,13.8963122069,4833717.9924
Argentina,?,3927.1,2.9771192034,144.8332586186,1922.7606390021,192378.154,4.8440527389,364.8815816502,?,39.2045605338,5.425434956,7.1775E8,1.58E9,3.31E8,?,?,?,3.26676673164783E11,7190,105.033,105.40755,14.8,97,?,?,0,90,?,?,0.8756293937,3.9714298E7,1.093257336,3.653715416E7
Armenia,8.8723526045,2386.4,8.0212050117,173.3301746989,973.2011469634,5548.171,1.801888352,320.9219633673,?,36.0046338411,7.991345077,7.0E7,1.863E8,7.05E8,0,3.7,90.52,1.16620178448868E10,3340,103.518,?,21.7,96,?,?,0,90,?,1.28,0.1594600151,3079087,0.0342643805,1966304.9582
American Samoa,?,?,?,?,?,?,?,?,?,?,0.3132539919,?,0,?,?,?,?,?,?,?,?,?,?,?,?,?,?,?,?,1.6551955001,66217,2.0241595649,61131.5344
Antigua and Barbuda,?,1619,14.4757331138,?,?,447.374,5.1492731437,274.0064316946,?,?,7.0113406103,?,?,?,?,?,?,1.20331481481481E9,12990,94.358,102.57376,9,?,?,?,?,?,?,?,1.094816972,86881,0.8325217396,26463.9526
Australia,0.4435785357,1696.5,4.5487707742,174.8971135729,6019.0676093681,399218.956,18.5696190897,539.5807107869,69.4877985866,59.2532641812,10.5026586405,?,?,?,?,?,?,1.03941509537683E12,41760,97.297,?,5.2,100,?,?,?,100,?,?,2.0014292368,2.14985E7,2.2044749919,1.90777689E7
Austria,?,6809.8,1.5921545592,110.976014805,4016.596045113,67725.823,8.1235965151,224.4498468356,-17.5865078116,20.1638469623,22.9224248821,?,?,?,?,?,100,4.14670756948768E11,46250,96.734,98.88993,4.5,100,7.84,?,?,100,?,?,0.4344113239,8336926,0.7625249666,5599079.5016
Azerbaijan,30.0462573591,2741.4,0.0319403142,189.7076643037,1522.1323915375,47139.285,5.3791091357,670.4135828437,?,21.9999771778,7.1479053762,?,4.74E8,?,?,3.2,?,4.62581548198637E10,3790,99.015,90.73683,49.8,80,?,?,1,45,?,1.04,2.0998540326,8763400,2.3698638398,4549957.28
Burundi,?,1318.3,0.3279329101,?,?,179.683,0.0226204571,62.9021320072,?,?,4.8488416047,?,0,?,?,2.6,?,1.16890017120255E9,140,91.321,45.20584,145.3,72,?,?,48475,46,?,?,3.0109168719,7943385,5.9379551019,826112.04
Belgium,?,8885.7,27.0232364906,162.9996585723,5469.581575976,104879.867,9.7927293561,291.8343056705,-1.5559946915,17.5454503947,0.885070824,?,?,?,?,?,78.2,5.05373713699784E11,45080,98.253,86.04568,4.6,100,0.3,2.987,?,100,?,?,0.7899768455,1.0709973E7,0.8105212729,1.04272297128E7
Benin,?,1157.1,2.541395635,278.256778591,392.4894506689,4066.703,0.4866817537,345.0347435922,?,?,23.805451263,?,5.07E7,?,?,3.3,?,6.68274491413769E9,730,?,65.13789,120.8,75,0.77,0.059,35555,12,?,?,2.9562369753,8355980,3.9318544698,3442663.76
Burkina Faso,?,1039.8,1.8949687306,?,?,1855.502,0.1195920815,113.0791179082,?,10.654318478,13.9055681382,?,1.088E8,?,?,3.5,?,8.04582300529242E9,470,84.095,37.99923,179.6,76,0.73,0.064,45322,11,?,?,2.9706873262,1.5515258E7,5.1413151843,3034784.4648
Bangladesh,?,4102.2,1.2690986167,141.6115704951,192.0618951418,46526.896,0.3198201794,235.810637205,?,13.8180271559,1.6412621631,1.538E8,8.96E8,?,?,3,?,7.95543506777438E10,570,108.244,54.4916,53.9,80,?,?,1510,53,?,?,1.0513645296,1.454783E8,2.8357984952,3.948281062E7
Bulgaria,?,4100.8,19.2554471023,216.0915101446,2594.2088793772,50538.594,6.6294077639,552.2141052117,-11.5658077086,15.5746488277,9.066592045,6.0786E8,4.108E8,?,?,?,?,5.1824867626646E10,5700,97.411,89.93236,13.9,100,4.72,3.635,?,100,?,?,-0.4759365345,7623395,-0.0531029235,5420233.845
Bahrain,?,?,8.1906914699,369.7971544028,8784.7075000071,22478.71,21.3603057512,899.1739661168,?,?,1.3493605035,?,?,?,?,?,81.4814814815,2.19028925839637E10,18730,101.198,97.83694,10.5,?,3.73,1.442,?,?,?,?,12.82037337,1052359,12.8655711109,931548.1868
Bahamas,?,2067.4,11.7863459216,?,?,2156.196,6.4622356224,263.6153140637,?,?,13.6590924449,?,?,?,?,?,?,7.297903886E9,21660,101.171,94.71387,16.3,?,?,?,?,100,?,?,1.4490338397,333661,1.6882684035,279274.257
Bosnia and Herzegovina,?,4427,5.3067772064,211.7290730611,1583.1479501156,31275.843,8.2868266986,1108.2742679731,?,?,0.5754476189,?,7.77E7,?,?,3.3,?,1.85005991611744E10,4530,101.641,?,8.6,99,?,?,?,95,?,?,-0.1289520194,3774164,1.1011801416,1790463.4016
Belarus,0.5943703039,3554.6,3.5886685343,249.5330457565,2931.1957925432,62815.71,6.5419402208,556.9161475338,-27.1384557933,18.9652259946,7.2679885763,6.25E8,1.13E9,3960000,?,?,?,6.07634831460674E10,5590,?,96.35613,7.2,100,?,4.98,?,93,?,0.1,-1.0360639714,9602000,-0.4626835609,7053629.2
Belize,?,2428,12.4875579222,?,?,425.372,1.3206209252,212.0425093917,?,?,27.9480497397,7.5E7,?,?,?,?,?,1.3587E9,3740,101.05,99.27465,18.2,99,?,?,210,90,?,?,3.346271811,322100,4.3180967579,166525.7
Bermuda,?,?,0.8647146013,?,?,388.702,6.0545482866,?,?,?,5.5689324574,?,?,?,?,?,?,6.067898E9,?,?,?,?,?,?,?,?,?,?,?,0.3125,64200,0.3120127336,64200
Bolivia,?,2016.4,3.0724593592,148.9659501693,621.5358041501,12834.5,1.3343603855,319.8114434793,?,32.5330567265,18.2063961814,2.0E7,6.63E7,?,?,3.3,?,1.66750157711304E10,1490,98.784,98.82139,59,86,?,?,365,25,4.5,?,1.6242816014,9618466,2.3281865736,6307790.0028
Brazil,?,3830.8,2.7264478755,135.4357807451,1297.9100849173,393219.744,2.0529033035,214.2186619354,?,39.9667736637,28.0286850651,9.1946E9,1.08545E10,9.9671E9,8.274E8,?,?,1.65263222922761E12,7480,102.527,?,22,97,?,?,210,80,?,4.25,0.9152846289,1.91543237E8,1.4542431685,1.639227022246E8
Barbados,?,2484.2,7.7882004145,?,?,1353.123,4.9714269968,267.4791987413,?,?,0.0872916227,?,?,?,?,?,?,3.6702153125E9,11610,?,?,18.9,100,?,?,?,100,?,?,0.2066944711,272180,1.4188305244,108436.512
Brunei Darussalam,?,1221.2,1.543688044,201.482502532,9433.5096634997,10593.963,27.5386033091,588.1741694108,?,?,42.8565873325,?,?,?,?,?,?,1.43930990685859E10,33680,101.122,105.70779,7.7,?,4.88,1.417,?,?,?,?,1.8845807351,384695,2.4743947774,287828.799
Bhutan,?,2742.2,2.2811058821,?,?,733.4,1.0456782009,242.35964009,?,?,28.3482511535,?,0,?,?,3.8,?,1.25762505471579E9,1740,97.775,84.48692,61.7,92,?,?,100,65,12,?,1.8392626367,701363,5.2614254864,241829.9624
Botswana,?,538.2,6.64432361,88.45891313,1110.3527584609,4840.44,2.4761538391,197.2687289492,?,?,30.9330883441,?,5.186E7,?,?,?,?,1.34733457125461E10,6450,?,?,51.8,95,?,?,587,60,?,?,1.4054562189,1954822,2.6892576348,1164682.9476
Central African Republic,?,946.7,5.9062073628,?,?,260.357,0.0614344964,87.8262386886,?,?,14.6627836394,?,2800000,?,?,2.3,?,1.98298385475983E9,420,68.645,35.46239,162.3,67,?,?,35786,34,?,62.83,1.8341247064,4237961,2.2497097201,1635005.3538
Canada,?,3386.9,3.8607907999,222.9106571483,8001.4827656598,544091.125,16.3334811806,455.029040257,-16.9484282117,43.6940536873,8.0343670517,?,?,?,?,?,?,1.49910781226571E12,43430,?,?,6,100,?,?,?,100,?,?,1.0119656595,3.33114E7,1.1364211827,2.67823656E7
Switzerland,?,6416.4,3.1842556014,91.9285859374,3501.1462960965,40392.005,5.2816058475,138.6775975581,0.5741344543,14.8538085104,22.8295009542,?,?,?,?,?,100,5.02447278285276E11,56780,97.26,94.00919,4.7,100,15.96,?,?,100,?,?,1.2706180739,7647675,1.3523063017,5619511.59
Channel Islands,0,?,?,?,?,?,?,?,?,?,?,?,?,?,?,?,?,?,?,?,?,?,?,?,?,?,?,?,?,0.6719735333,151705,1.1228599654,47210.596
Chile,?,5868.3,8.8729963865,130.1946745214,1743.8449478979,73108.979,4.3528667907,324.983064426,?,34.6105433729,16.4964330241,8870000,4.057E8,2.601E8,?,?,?,1.70741003929264E11,9490,98.531,?,9,96,?,?,?,96,0.5,?,0.9712586029,1.6795593E7,1.2883596614,1.48540224492E7
China,?,5548.4,3.8733824669,279.8402021811,1598.516237058,7031916.207,5.3084887816,929.3171626804,?,17.2522253719,16.5992984642,6.7877E8,?,4.3675E8,9.7361362E8,?,53.5,4.52182689954068E12,3050,104.003,?,20.9,89,?,?,3,55,?,?,0.5123869316,1.324655E9,2.6226645384,5.70926305E8
Cote d Ivoire,?,1728.3,1.9054739919,326.6699240804,541.3207042058,7014.971,0.3694616534,222.9584225035,?,20.5240351994,22.5925235424,0,3.007E8,?,0,2.5,?,2.34140052594684E10,1070,?,?,127.7,80,0.48,0.144,36482,23,?,23.75,1.808282045,1.8987007E7,3.1705322132,9261862.0146
Cameroon,?,1510.9,-0.1019485822,166.8926643156,340.9175160557,5302.482,0.2826667068,138.3765796178,?,19.5006519081,9.1539435591,0,2.11E8,?,?,2.9,?,2.37355128291016E10,1160,84.248,72.70164,138.7,74,?,?,27818,47,?,?,2.2031029454,1.8758778E7,3.6583193972,1.06474823928E7
Congo,?,776.3,21.0634668772,98.6260213398,338.655160558,1936.176,0.5046936676,146.9811602665,?,32.9000904248,9.4476325071,?,1.207E8,7.35E8,?,2.6,?,1.17892450425775E10,1870,?,73.06955,95,71,?,?,34298,30,?,?,2.7946231158,3836339,3.4160478466,2353210.3426
Cook Islands,?,?,?,?,?,69.673,3.4803436735,?,?,?,0.8071026997,?,?,?,?,?,?,?,?,?,?,10,?,?,?,?,100,?,?,0.7923812773,20019,?,?
Colombia,?,4154.4,4.3313085077,82.8191257618,683.2903603364,67700.154,1.5042545867,182.3251973431,?,36.8281613238,20.4102098737,1.593E8,1.691E9,9.56E8,?,?,?,2.4464567249499E11,4640,104.307,110.47104,20.5,92,?,1.43,394,74,?,?,1.4625794029,4.5005782E7,1.8660769242,3.352930759E7
Comoros,?,1290.5,1.4187096191,?,?,124.678,0.1788693234,179.2919018988,?,?,0,?,?,?,?,2.2,?,5.30138454667262E8,690,?,81.01795,89.9,95,?,?,24619,36,?,?,2.6799390468,697034,2.8938428717,195727.1472
Cape Verde,?,336.8,13.6286137333,?,?,308.028,0.6320195498,189.7232191519,?,?,2.4689162771,?,4700000,?,?,4,?,1.55055239153712E9,2900,100.8,91.98827,37.6,84,1.32,0.572,23,54,?,?,0.896136847,487371,2.1450982299,290570.5902
Costa Rica,1.5,3757.8,7.0060199556,104.6908266499,1085.3231799924,8016.062,1.772632064,170.9889916223,?,30.2740703262,20.9152328449,?,?,?,?,?,25.28,2.96636142229414E10,6060,102.029,92.8693,10.3,97,?,?,51,95,?,?,1.5491803051,4522124,2.3745818166,2860695.6424
Cuba,?,2674.2,0.038623082,?,935.9998153885,31418.856,2.7885968684,?,?,19.0901671755,6.2491618679,?,0,?,?,?,?,6.27048E10,5520,98.788,89.90873,6.3,94,?,?,?,91,?,?,-0.0158149828,1.1266905E7,0.0106225586,8524540.323
Curacao,?,?,?,?,?,?,?,?,?,?,?,?,?,?,?,?,?,?,?,?,?,?,?,?,?,?,?,?,?,1.0230595776,141279,?,?
Cayman Islands,?,?,?,?,?,557.384,10.0801880821,?,?,?,8.694005085,?,?,?,?,?,?,?,?,100.857,83.83838,?,95,?,?,?,96,?,?,1.1202765061,55295,1.1202765061,55295
Cyprus,20.8695652174,1327.5,15.3240202723,123.9959576774,2401.262394371,8555.111,7.943456877,410.1828042798,?,?,10.9794219787,?,?,?,?,?,64.61,2.53718740806119E10,27460,100.065,100.24621,4.2,100,?,?,?,100,?,?,1.305982783,1077001,1.5925159303,752823.699
Czech Republic,0.2356267672,5363.5,3.0416396798,184.3585945905,4281.3450180424,116995.635,11.223317725,483.286227506,-4.7782835335,11.1425418367,15.1247517901,?,?,?,?,?,?,2.16084641518276E11,17140,100.619,95.28029,4.5,100,8.55,3.625,?,98,?,?,0.8688159994,1.0424336E7,0.8688159994,7661886.96
Germany,?,7118.7,0.1316933685,120.7515860343,4076.2826525464,786659.508,9.58054535,283.8041776523,15.2164359944,7.9308845537,40.4718162872,?,?,?,?,?,?,3.6345259457282E12,42680,98.136,103.51328,4.4,100,10.82,3.531,?,100,?,?,-0.1901428447,8.2110097E7,-0.0814471818,6.04658754308E7
Djibouti,?,1500,23.1701380736,?,?,524.381,0.6128552328,302.4928609552,?,?,0.0025739998,?,?,?,?,2.8,?,9.82534421931004E8,1200,79.972,41.52718,94.5,92,0.8,?,467,56,?,?,1.9094562815,855636,2.3686993389,746970.228
Dominica,?,1351.1,15.1028062991,?,?,128.345,1.8830235185,214.4560022584,?,?,21.6669670691,?,0,?,?,3.8,?,3.74422222222222E8,5140,98.227,90.0149,12.9,?,?,?,?,?,?,?,-0.4026566099,68159,0.0583611558,50383.1328
Denmark,9.5202398801,6017.3,0.7632334404,102.8606894913,3497.9790196666,46024.517,8.3778107372,246.3557911619,-2.1152117565,21.14090142,4.9513690843,?,?,?,?,?,100,3.41466969261278E11,58620,102.026,?,4.3,100,?,?,?,100,?,?,0.5875475903,5493621,0.8879522067,4761870.6828
Dominican Republic,?,4250.1,6.3078852007,109.18791784,843.8008150691,21616.965,2.236635417,289.4208677986,?,21.6990406984,22.1327798134,0,3.3E7,?,?,?,?,4.54986086253681E10,4460,102.927,?,28.8,86,?,?,46,83,?,?,1.3855999033,9664948,2.4635418776,6670747.1096
Algeria,2.0697668789,1034,1.5176390926,147.0534936219,1083.3683532499,111304.451,3.2329603949,438.83331038,?,7.7883026004,6.3173270035,?,2.64E8,?,8.74E8,?,73.46,1.70989269622037E11,4260,?,113.855,38.1,83,?,?,?,95,?,?,1.5261166912,3.4428028E7,2.5122571943,2.24539598616E7
East Asia & Pacific,?,4910.1208949047,3.6708897263,264.115930633,1371.646407724,8259297.79712798,4.2696899931,827.1404550441,?,?,14.9128306062,8.41507E9,?,1.54205E9,9.7361362E8,?,15.8550000191,5.8993388158497E12,2730.6376506454,102.216,?,26.8872570023,87.8959378545,?,?,524.9319270064,58.9836523634,?,?,0.7052249076,1.934402219E9,2.7377118247,8.550048682678E8
Europe & Central Asia,?,2553.2957111979,4.8695766071,278.5737339347,3058.4702114648,3110254.40771698,7.7379261647,707.9956077411,?,18.1548929703,7.4776977533,1.965496E10,1.88155E10,?,?,?,85.8,3.33088896805582E12,6960.1803707836,97.064,95.36372313,24.8351382891,95.4788948902,?,?,?,89.0104915183,?,?,0.3307049642,4.01949352E8,0.4826502343,2.558760965468E8
Ecuador,10.1813297515,2991.5,1.8457162409,108.2279460579,784.7263305717,26824.105,1.90827354,263.1854159849,?,30.7895500664,25.0948560083,?,1.0621E9,?,?,?,?,5.42085E10,3570,101.607,?,22.3,94,?,?,63,92,?,?,1.483690803,1.405674E7,2.49519368,9218410.092
Egypt,?,7500.4,5.8307615007,173.0780891011,902.7912614201,210320.785,2.6852902057,514.8088127911,?,19.1930477698,5.8799977508,?,1.414E9,6.4E8,?,?,86.89,1.62836363636364E11,1880,?,?,25.5,99,?,?,0,94,6.8,?,1.779877801,7.8323298E7,1.8735546229,3.34597129056E7
Euro area,?,5898.0038858033,2.9127317866,121.6814835833,3740.2497715565,2633269.033,7.9911416123,259.9756771075,?,17.8138739569,15.4516285787,?,?,?,?,?,91.8000030518,1.35517205683137E13,38508.3833536513,99.385,100.4728036637,4.4942090294,99.9534932151,?,?,?,99.8754010896,?,?,0.5224387002,3.2952351E8,0.780313707,2.412346512532E8
Eritrea,?,252.2,-0.0169062205,279.4696314361,136.8855230731,414.371,0.0837532574,170.9931880501,?,?,4.9610013447,?,0,?,?,2.7,?,1.38016260162602E9,250,77.213,46.89775,66.2,61,?,?,762,14,?,?,3.0570561753,4947521,5.2034800421,1025126.3512
Spain,11.9358965248,3580.8,4.8872189169,107.5204388798,3047.0768146856,329285.599,7.2281950085,255.0571406264,-29.1183666055,23.3709728105,8.5719678896,?,?,?,?,?,?,1.59391218368916E12,31810,102.586,100.21597,5.1,100,?,?,?,100,?,?,1.4967350499,4.5555716E7,1.6784352946,3.51325681792E7
Estonia,?,2794,7.4350879222,217.6236295355,4057.8723404255,18290.996,13.6431245455,731.6805539229,-0.326317027,?,19.9504884684,?,?,?,?,?,28.7745114933,2.35171872077801E10,14410,101.15,100.03059,6.6,98,6.82,3.409,?,95,?,?,-0.0743378874,1340675,-0.045540191,931232.855
Ethiopia,0.4751832643,1421.7,0.407385571,490.4139218977,399.0652366597,7106.646,0.089452062,109.9282336051,?,3.5263162711,18.3986779899,?,?,?,?,3.3,?,2.66424615161887E10,290,85.096,52.06519,111.9,38,?,?,11509,12,?,?,2.1990318808,7.9446419E7,3.9794943441,1.350589123E7
Finland,?,3542.2,-0.8068806022,197.4880222425,6640.6593971204,56512.137,10.6357789054,316.2997551028,-27.0104851772,20.6431513989,9.0660198166,?,?,?,?,?,65.47,2.70478631852639E11,48110,102.221,97.85745,3.3,100,?,2.735,?,100,?,?,0.4655492845,5313399,0.9406095604,3363381.567
Fiji,?,2009.3,8.6781815381,?,?,1254.114,1.4865317531,348.5315624339,?,?,1.3389387582,?,9.025E7,?,?,?,?,3.56520388958595E9,4070,102.764,91.84866,18.2,?,?,?,?,?,?,?,0.9987467752,843651,1.996835675,441735.6636
France,?,7289,2.3496814222,137.124227887,4162.7559724005,376985.935,5.8731328096,193.4652924977,-68.9030912352,22.1943702784,15.1039691883,?,?,?,?,?,100,2.8317940601311E12,42080,99.562,?,4.3,100,8.093,3.497,?,100,?,?,0.5656269509,6.4188219E7,0.8504167874,4.96560062184E7
Faeroe Islands,?,?,?,?,?,707.731,14.5632652221,?,?,?,?,?,?,?,?,?,?,2.41285969282674E9,?,?,?,?,?,?,?,?,?,?,?,0.0514567415,48597,1.3637477487,20128.8774
Micronesia,?,1405.5,2.2052457346,?,?,62.339,0.5648336912,196.7677037709,?,?,4.0256930418,?,?,?,?,?,?,2.618E8,2480,?,?,43.8,?,?,?,?,?,?,?,0.2494796245,110367,0.6050355546,24876.7218
Gabon,?,1881.2,1.4382590358,102.0639682672,1371.9232439961,2471.558,1.7041584213,126.7805409634,?,?,14.8889585858,?,5.64E7,3900000,?,?,?,1.45328168095484E10,7500,?,?,76.5,87,?,?,29451,33,?,?,1.8562461923,1450310,2.4222854394,1233343.624
United Kingdom,?,7420.1,3.5185811872,100.1047234197,3390.309752718,522855.528,8.5164610122,251.4631512534,-3.9621713831,25.7831734394,24.3523783562,?,?,?,?,?,100,2.65748226911241E12,45610,101.28,?,5.6,100,?,?,?,100,?,?,0.6649337047,6.1393521E7,0.7539214748,5.52173327874E7
Georgia,4.0031708284,2090.5,12.2237194887,151.8568908383,685.8370782672,5203.473,1.1870048133,262.8246066998,?,25.3068868764,3.6512350401,5.0E7,1.06E8,3.45E8,?,3.8,?,1.2795044475201E10,2460,96.46,99.72638,24.1,98,?,?,0,95,?,15.27,-0.1071579314,4383700,0.0446447543,2311963.38
Ghana,?,1598.1,4.2780640089,294.596252445,406.5776496877,8591.781,0.3693137896,267.5957679177,?,16.7982566844,13.9953782527,?,1.434E9,?,?,3.9,?,2.85269223993369E10,1150,95.648,82.1903,78.8,82,0.975,0.11,31179,13,14.3,?,2.4003503722,2.3264176E7,3.8908109947,1.16367408352E7
Gibraltar,?,?,?,?,5420.5278792638,421.705,14.3990507734,?,?,?,4.6778239871,?,?,?,?,?,?,?,?,?,?,?,?,?,?,?,?,?,?,-0.0307256374,29287,?,?
Guinea,?,1677.7,10.1072980684,?,?,1393.46,0.1457729851,145.0393981865,?,16.1703129266,6.778805266,?,8.92E7,?,?,2.6,?,3.77826E9,350,77.066,54.7133,138.4,71,?,?,40585,19,20.8,?,1.9595372156,9559110,3.3630690273,3292157.484
Gambia,?,976.5,9.5648237504,?,?,410.704,0.2510251469,209.3732368526,?,?,1.5329123701,?,0,?,?,2.9,?,8.21917808219178E8,410,101.241,79.06152,103.8,92,0.57,0.038,31925,67,?,?,2.7732528102,1636107,4.2732809362,923091.5694
Guinea-Bissau,?,1427.3,0.6072897662,?,?,282.359,0.1942270957,186.6304749072,?,?,16.0571158686,?,2.47E7,?,?,2.6,?,8.46854479422026E8,500,?,?,154.2,61,0.55,0.045,34043,21,?,?,2.0547306764,1453757,2.3231872134,433801.0888
Equatorial Guinea,?,?,-4.3090437288,?,?,4814.771,7.2694771616,234.5882383222,?,?,19.1640387089,?,?,?,?,?,?,1.84233993152788E10,14410,?,43.32615,127.3,?,?,?,27726,?,?,?,2.81600494,662327,3.2231301843,260824.3726
Greece,17.2681978369,4404,1.5282203242,100.6368265672,2707.1075493362,97813.558,8.7045243192,323.5910241081,-3.0792694558,28.8970796186,13.8339275011,?,?,?,?,?,?,3.47042265250668E11,27810,?,?,4.6,100,3.66,6.043,?,98,?,?,0.3952861378,1.1237094E7,0.7236936579,6854627.34
Grenada,0,931,20.9642621846,?,?,245.689,2.3687031806,290.1985090393,?,?,1.6614706917,8600000,0,?,?,3.7,?,6.78487940517032E8,5860,93.194,114.37653,11.9,?,?,?,?,97,?,?,0.3428447858,103723,0.6025851916,31988.1732
Greenland,?,?,?,?,?,575.719,10.220831558,?,?,?,40.4946134597,?,?,?,?,?,?,1.73957959356673E9,30010,?,?,?,?,?,?,?,?,?,?,-0.4013791884,56328,-0.1144168939,47045.1456
Guatemala,?,2257.8,1.926089743,137.2759317699,599.2079671337,11914.083,0.870222556,199.3641920256,?,7.6567876083,30.6288873501,?,5.25E8,?,6700000,?,?,3.91362864962176E10,2640,93.778,80.0144,34.6,94,?,?,184,81,?,?,2.4548946618,1.3690846E7,3.4062979085,6651012.9868
Guam,?,3000,?,?,?,?,?,?,?,?,26.3894208603,?,?,?,?,?,?,?,?,?,?,?,100,?,?,?,99,?,?,1.2635174631,175538,1.2849882093,163531.2008
Guyana,?,4161.2,8.7381642864,?,?,1525.472,2.0296921943,780.1813880395,?,?,4.9384960504,?,0,?,?,3.1,?,1.92260061144269E9,2730,99.615,109.72616,33,94,?,?,2194,81,?,?,0.2011127135,751578,0.4127530041,213297.8364
High income,?,5226.7367685985,2.8558566731,150.6569879779,5097.5449448251,1.32846945075709E7,11.9406893352,354.4153917944,?,?,13.3751230597,?,?,?,?,?,87.2799993896,4.40914339653247E13,38503.8012258422,99.318,97.09385544,6.7366858455,99.5575196382,?,?,?,99.5209919964,?,?,0.7896258284,1.112556749E9,1.0888339668,8.398804134368E8
Hong Kong,?,?,27.6805187394,49.9330175137,2026.2393052152,38573.173,5.5280641185,136.2291816855,?,100,41.7907083042,?,?,?,?,?,100,2.15365875584322E11,32950,101.488,91.98462,?,?,?,?,?,?,?,?,0.7451342051,6977700,0.7451342051,6977700
Honduras,?,1750.7,6.4439650867,173.2599370347,629.9529683508,8672.455,1.1875614666,326.622518302,?,13.3292535872,18.1745703162,?,3.34E8,?,?,3.4,?,1.39692921650345E10,1780,107.286,89.72504,26.1,86,?,?,335,71,?,?,1.9904870833,7302742,2.9558670885,3496552.8696
Croatia,?,6641.3,8.6156266059,118.3097088818,2048.7559765449,23303.785,5.2557025259,303.5015604256,-8.6431105249,?,7.3013222718,8.5E7,6.34E8,?,?,?,86.88,6.9911233237787E10,13720,102.206,99.70618,6,99,?,2.6611793889,?,99,0.6,0.06,-0.0450958294,4434000,0.4098480874,2539795.2
Haiti,?,961,0.4650649394,272.1031501212,284.8425875371,2434.888,0.25008268,238.8978614789,?,25.8418776188,0.2680583248,?,0,?,?,2.4,?,6.40770728445521E9,620,?,?,82.9,63,?,?,1891,17,?,?,1.3221223474,9736332,4.3125943779,4560497.9088
Hungary,1.3816925734,5665,46.4843061407,151.109238226,2635.7051691002,54638.3,5.4430441032,312.0585176614,-3.9333892574,16.9664086785,5.1163175926,?,?,?,?,?,37.65,1.55443541077615E11,13010,98.39,95.42391,7.1,100,6.33,3.097,?,100,?,?,-0.1750973675,1.0038188E7,0.4192580226,6775776.9
Indonesia,?,4694.2,1.8263360853,228.6824816751,816.3527939088,406028.575,1.7281403734,484.098826165,?,8.8583565757,14.111433813,2.8632E9,2.876E9,?,0,?,59.1064946694,5.10226662255498E11,1950,98.036,106.39789,38.5,80,?,?,1645,52,?,?,1.0651959063,2.34951154E8,3.265677621,1.209058638484E8
Isle of Man,?,?,?,?,?,?,?,?,?,?,?,?,?,?,?,?,?,?,?,?,?,?,?,?,?,?,?,?,?,0.7300601134,81798,0.4943036191,41586.1032
India,34.6595588399,2672.6,3.576116362,195.2938358872,543.0204235392,1742697.746,1.5287292597,549.7977391134,?,12.5914355798,5.3346597427,1.288938E10,9.9338E9,5.42365E9,7.59E7,3.7,49.3406593147,1.21378256974883E12,1080,?,94.83933,66.8,88,?,?,1124,31,?,?,1.3403818399,1.13996493164188E9,2.292769991,3.36745640807011E8
Ireland,?,7597.4,-6.1969874522,86.4362350712,3367.0800642522,43604.297,9.852557673,252.9247819556,-2.3574321099,24.1973046872,0.9547392905,?,?,?,?,?,100,2.6365285051745E11,49940,102.842,?,4.4,100,?,3.187,?,99,?,?,1.5656706407,4425683,2.0231877786,2714713.9522
Iran,19.0209963971,1897.1,0.4776788048,275.3217706085,2862.745824966,538403.608,7.4479027329,716.2947369849,?,24.2559385456,7.0798227303,?,8.02E8,?,?,?,?,3.38187289004755E11,4100,?,97.05721,28.5,?,?,?,18,?,?,?,1.188108258,7.2289291E7,1.9505752949,4.94892486186E7
Iraq,?,733.7,2.1445724328,352.9140832749,1138.9043101722,102936.357,3.4109404369,1056.9535180683,?,23.1085442675,0.0533500213,?,2.84E8,?,?,?,?,8.65300687285223E10,2100,?,?,39.5,79,?,?,0,73,?,?,3.0236,3.01782921471278E7,2.8287526834,2.00987425699871E7
Iceland,?,?,7.1605030465,451.0298227593,16541.7750949864,2229.536,7.0240632108,191.5188646222,0.7182556352,?,9.6509061554,?,?,?,?,?,36.6416309013,1.68637670203041E10,46950,101.882,94.61738,2.6,100,16.48,3.934,?,100,?,?,1.8595721706,317414,1.8812523875,292846.1564
Israel,?,2442.9,5.380515597,118.6029960379,3052.8415061296,37663.757,5.1532066824,200.2022543596,?,57.2482897329,18.742814883,?,?,?,?,?,100,2.02101449275362E11,24700,101.369,99.14138,4.9,100,?,?,?,100,?,?,1.776579106,7308800,1.7984012555,6699246.08
Italy,?,5353,-0.4131749013,104.465985296,2942.6218958196,445118.795,7.4394548626,264.1079995319,-92.8278184478,17.1065606686,9.9092256923,?,?,?,?,?,?,2.29649739424616E12,35360,99.086,104.00944,4,100,?,4.242,?,?,?,?,0.7665496884,5.9832179E7,1.0018439146,4.07337474632E7
Jamaica,?,1253.4,10.1730256733,216.6685543922,1591.1126823459,12203.776,4.5414468592,618.428057765,?,?,18.8877744424,?,7500000,?,?,?,?,1.41214262766738E10,4880,100.082,?,25.1,94,?,?,?,83,?,?,0.4251358259,2687200,0.8010761182,1432277.6
Jordan,9.4650205761,943.6,12.4543185276,238.9084328397,1220.2685329186,21382.277,3.6948811128,723.39672161,?,18.5313115604,9.4116975935,1.04E8,9.03E7,?,?,?,100,2.26969022035919E10,3670,102.169,98.77776,23.1,96,?,?,?,98,?,?,2.1836835902,5787000,2.2347039995,4538165.4
Japan,35.0907519447,6262.6,0.5031251866,123.9472553597,3880.4510178378,1208162.823,9.4606468441,302.1868346896,-78.3182951223,48.9833164244,16.3046454256,?,?,?,?,?,?,4.87986145376794E12,38000,100.055,?,3.4,100,?,?,?,100,?,?,-0.0522243322,1.2770404E8,0.1887396398,8.4897645792E7
Kazakhstan,?,1012.2,10.7326052259,421.9923199647,4417.7612235397,236954.206,15.1176611661,1444.0655764588,?,8.5268220318,2.5209345333,0,1.0626E9,?,?,?,89.88,1.33441571813622E11,6140,98.914,104.25219,35.1,95,?,3.7,?,97,?,?,1.2183592296,1.5673999E7,1.7027892427,9081515.0206
Kenya,0.0330882353,1416.6,0.3182855046,321.6011013216,463.3170285654,10392.278,0.2702422322,187.5825711911,?,8.3988893321,11.6105308417,2.05E8,1.1998E9,?,?,3.3,?,3.00314274025555E10,740,95.881,?,89.3,59,?,?,30307,31,?,?,2.5552180739,3.8455418E7,3.9538422714,8306370.288
Kyrgyz Republic,9.3036263634,2380.2,7.3345379063,253.7631984037,518.3353227609,6208.231,1.1762691601,575.8701194746,?,?,6.9417454429,?,7.5E7,?,?,3,?,5.13995778491084E9,770,100.48,92.10039,40.3,90,?,?,0,93,?,?,0.8199652132,5277900,1.261954883,1914822.12
Cambodia,?,2804.7,7.8747457362,197.9193823427,375.6784157937,4602.085,0.3329381123,175.4024260363,?,10.6862840423,23.97928683,4.71E7,3.7E7,?,?,2.7,?,1.03518290656013E10,660,?,79.47861,58.5,61,0.79,0.227,1798,29,28.8,?,1.1114927155,1.3822644E7,4.0293467753,2980162.0464
Kiribati,?,?,2.0106445693,?,?,29.336,0.3038992251,134.5898135423,?,?,22.0366436111,?,?,?,?,3.1,?,1.32506609311134E8,1960,107.043,?,51.5,?,?,?,?,?,?,?,1.5545138821,96532,1.7371623347,42319.6288
St. Kitts and Nevis,0,?,31.2038789643,?,?,249.356,4.879574185,350.542381533,?,?,3.5641424061,?,0,?,?,?,?,5.70140740740741E8,10790,103.267,86.74157,9.1,99,?,?,?,96,?,?,1.2741785471,51102,1.3980175722,16516.1664
Korea,?,7072.8,0.3554533135,182.9767582354,4669.0063982554,509170.284,10.4752460345,410.5212967435,?,48.0662949781,2.3975954676,?,?,?,?,?,78.5,9.31402204981625E11,21580,97.175,98.69321,5.1,98,5.29,1.967,8,100,?,?,0.3111383778,4.8607E7,0.5815749286,3.95952622E7
Kosovo,?,?,9.5149399434,?,?,?,?,?,?,?,?,?,6.4E7,?,?,?,?,5.64155774848184E9,3000,?,?,?,?,?,?,?,?,?,?,0.5586606709,1795000,?,?
Kuwait,?,2913.7,-0.0040002994,?,10935.0650675672,76742.976,30.1147589166,?,?,84.3224500864,1.5863719582,?,?,?,?,?,?,1.48782683750763E11,?,101.128,?,11.3,99,?,?,?,100,2.3,?,4.0249467844,2548351,4.0452823208,2506558.0436
Latin America & Caribbean,?,3634.7902392765,3.0073361536,130.6719907242,1281.4293637733,1584103.663,2.781350964,285.550668763,?,34.829120706,20.8322547613,1.110452E10,2.31621E10,1.285828E10,?,?,28.125,4.32148414617431E12,6837.2488078017,101.84,101.1616112,23.2681485071,93.3902965958,?,?,205.8961419979,79.3922718149,?,?,1.1614568913,5.69544686560104E8,1.6269017577,4.47597471947933E8
Lao PDR,?,3803.2,4.1430611718,?,?,1532.806,0.2545343317,125.2822608408,?,?,16.3170408821,6.65E8,0,?,?,2.9,13.54,5.49762580265092E9,760,87.222,74.70247,60.1,57,?,?,327,53,?,33.88,1.5161852199,6022001,5.3450357506,1859593.9088
Lebanon,?,2683.4,14.4052619839,117.8284521072,1298.0859940748,17099.221,4.1035684673,372.4846603592,?,45.0909125816,0.4773290805,?,0,?,?,?,?,3.00796019900498E10,7040,103.321,86.60485,23.5,100,?,?,?,?,?,?,0.7719581128,4166915,0.910047893,3623549.284
Liberia,?,1553.4,46.8288034913,?,?,608.722,0.1663874964,447.7201528493,?,?,18.1418972879,?,2.23E7,?,?,?,?,8.42507277559803E8,180,?,57.6253,113.6,68,0.27,0.014,29994,17,?,?,5.081578438,3658460,6.2187144371,2200197.844
Libya,?,621.9,4.4127953333,204.0207566546,3125.9612789083,58330.969,9.4852964899,619.0727249286,?,17.6334147476,0.1112536783,?,?,?,?,?,?,9.3167701863354E10,12670,?,?,18.5,?,?,?,?,97,?,?,2.0796017667,6149620,2.3120098765,4768415.348
St. Lucia,?,?,16.3487575217,?,?,396.036,2.3268236747,253.7359050547,?,?,14.2630205169,1.05E7,0,?,?,3.9,?,9.86073137020437E8,5430,100.134,97.50152,16.2,98,?,?,?,?,?,?,1.1027145406,170204.560104149,1.3904845234,47384.9495329952
Low income,?,1969.9612817151,3.1666314596,308.0759512708,363.5198099928,219121.585,0.2868047778,270.2147177555,?,10.806391075,10.5857344099,?,5.24175E9,?,?,?,14.1199998856,3.63879925992954E11,441.6912078884,90.474,61.92965066,112.5399566166,63.1124608231,?,?,16658.534496717,35.4703925669,?,?,2.0665450868,7.64009535318807E8,3.6392627559,2.09721993135241E8
Liechtenstein,?,?,?,?,?,?,?,?,-0.0061200164,?,42.4411931929,?,?,?,?,?,?,4.92941491473469E9,119330,102.832,97.03872,2.1,?,?,?,?,?,?,?,0.7204743895,35521,0.3023553135,5086.6072
Sri Lanka,?,3595.3,1.8474650298,105.6204565654,438.3099101442,11763.736,0.5745751436,138.456575111,?,?,20.7692151319,?,3.004E8,?,?,3.3,?,4.07152496999908E10,1750,?,98.37907,17.6,90,?,?,21,91,?,?,0.9892078095,2.0473799E7,0.9892078095,3091543.649
Lower middle income,?,2749.7902744559,3.6620983949,223.4853813437,670.1152648313,3743902.66448845,1.5655002128,523.8613855792,?,13.8288265939,9.5257602665,1.954998E10,2.926805E10,9.85295E9,?,?,29.2600002289,3.49855354137837E12,1396.5614555846,92.349,87.92339331,73.1227676041,84.3233695316,?,?,4873.8268426844,45.4389937967,?,?,1.5265905631,2.39150568871652E9,2.7076189772,9.25397049582697E8
Low & middle income,?,3086.3598528581,3.6835751782,228.363835522,1165.1407993175,1.68224332185276E7,3.0178994476,612.4593260666,?,16.9742858217,12.1767499639,5.395213E10,7.71523E10,2.524334E10,?,?,29.2800001144,1.71773320767482E13,2781.0496206216,95.651,86.8648006,66.5060729575,84.3632722587,?,?,4665.0964508707,53.5944653883,?,?,1.2355099825,5.57421925759544E9,2.3591318716,2.49156406631687E9
Lesotho,?,390,6.8725498159,?,?,?,?,?,?,?,0.4854777756,?,9300000,?,?,3.4,?,1.60061492277151E9,1040,105.054,69.4536,99.1,85,?,?,?,29,?,?,1.0055026915,2127412,3.874225308,541639.0952
Lithuania,?,3348.2,4.3802474402,155.1457951006,2733.0940125636,15130.042,4.5055163388,255.7584596452,-3.9582438201,?,4.458784485,1.626E8,1.03E8,?,?,?,28.6,4.72529264286698E10,11910,99.547,92.16383,7.5,?,7.32,3.664,?,?,?,0.16,-0.5198614029,3358115,-0.3404891574,2248593.804
Luxembourg,?,6106.4,171.6639576115,115.9724792306,8564.4469456666,10502.288,21.4924547222,291.0325996176,-0.2723388712,?,19.7944721965,?,?,?,?,?,?,5.80715567436921E10,82210,102.355,83.6727935089,3.4,100,?,?,?,100,?,?,1.7874966323,488650,1.6420420612,402843.06
Latvia,?,3104.3,4.031557739,126.3314641239,1978.5935623147,7590.69,3.3496801104,213.8741380484,-22.7433987864,?,17.807870381,4.8E7,1.25E8,?,?,?,100,3.36693677204659E10,12020,100.03,95.0592,10.6,99,?,?,?,78,?,?,-0.4405807496,2266094,-0.3818435966,1543663.2328
Macao,?,?,14.2091289804,?,?,1334.788,2.5745096564,46.0262121241,?,?,?,?,?,?,?,?,100,2.15646401358585E10,39160,95.178,101.28383,?,?,?,?,?,?,?,?,2.4907260391,518463,2.4907260391,518463
St. Martin (French part),?,?,?,?,?,?,?,?,?,?,?,?,?,?,?,?,?,?,?,?,?,?,?,?,?,?,?,?,?,1.6163423904,29376,?,?
Morocco,4.4294719989,1002.4,2.7747592368,118.4424370749,478.0129133856,47905.688,1.529484855,378.9770289088,?,19.0683235545,1.5454482483,?,8.43E8,2.0E8,?,?,67.77,8.88829677419355E10,2540,?,81.32207,38.6,81,?,?,?,69,?,?,0.9954864817,3.1321453E7,1.6042618622,1.75462779706E7
Monaco,?,?,?,?,?,?,?,?,-1.5591709702381E-5,?,23.6414068486,?,?,?,?,?,100,6.58108016311355E9,185730,?,?,4.3,100,?,?,?,100,?,?,0.1160963447,35336,0.1160963447,35336
Moldova,9.1898428053,3202.6,11.7719706978,318.684345397,882.2052112164,4774.434,1.337336388,483.0941440304,?,?,1.3752244033,1.3E7,1.01E8,6.0E7,?,3.5,85.8,6.05480610084681E9,1500,101.387,91.37655,20.2,90,?,?,?,79,?,1.86,-0.1902054453,3570107,-0.8584656887,1490876.6832
Madagascar,2.1789692741,2697,12.4469664724,?,?,1910.507,0.0977427318,102.87285809,?,8.9791705655,2.8996536282,?,1.0215E8,?,?,3.6,?,9.39473659564505E9,400,96.519,71.24424,68.3,41,?,?,3735,11,?,?,2.9378695715,1.9546282E7,4.0963152353,5770062.4464
Maldives,?,2333.3,10.6959328774,?,?,920.417,2.9919416706,580.771490052,?,?,?,?,0,?,?,3.5,?,1.260234375E9,3670,?,112.91121,18.8,91,?,?,?,98,?,?,1.3394160362,307632,4.8881755194,116469.4752
Mexico,5.4547044761,3452.5,2.3988274859,126.5768258695,1636.9282486675,475833.587,4.3012366547,332.5966691055,?,34.9222475732,11.1166864902,5.62E8,3.8721E9,9.0508E8,?,?,35.28,1.09617633497708E12,9660,101.509,104.08986,18.6,94,?,?,3,85,?,1.79,1.2794519441,1.10627158E8,1.668809996,8.5404165976E7
Marshall Islands,?,?,3.6184210526,?,?,99.009,1.8723335855,?,?,?,3.0774163877,?,?,?,?,?,?,1.52E8,3530,103.166,101.2605,28.3,94,2.53,0.559,?,73,?,?,0.7459675656,52880,1.2537260613,37587.104
Middle income,?,3292.274984739,3.6934488994,226.8246641391,1258.7797785746,1.66038102595964E7,3.4517851026,622.9469859304,?,17.826356266,12.4734917932,5.320523E10,7.191055E10,2.524334E10,3.22861362E9,?,45,1.67950495912337E13,3149.1189244217,96.749,92.0325751346,54.3338294925,87.8400613416,?,?,2573.5689763131,56.4486217501,?,?,1.1047597939,4.81020972227663E9,2.2430612533,2.28184207318163E9
Macedonia,?,3536.8,5.9685987276,167.0218902264,1467.4673718797,11815.074,5.7563633848,655.1687020654,?,?,4.8460365013,?,1.316E8,2.95E8,?,?,56.54,9.83402881298014E9,4180,98.311,91.81624,12.3,100,?,?,?,89,?,0.29,0.2244634819,2052524,0.9746545471,1373138.556
Mali,?,1397.6,1.5069415982,?,?,594.054,0.041082601,44.197190813,?,10.781369835,2.4339778891,?,6.7E7,?,?,3.4,?,8.73808088251714E9,520,77.617,56.76499,184.8,56,0.3,0.049,25366,36,?,?,3.0844582365,1.445999E7,4.8399892148,4653224.782
Malta,22.2222222222,4489.4,9.9069149208,87.7048407283,1986.9401626411,2559.566,6.2132928753,274.2588187992,-0.0607794822,?,17.2361737862,?,?,?,?,?,87.53,8.41323093625171E9,18460,98.945,100.47374,6.3,100,?,?,?,100,?,?,0.7064584802,411950,0.9401282626,388304.07
Myanmar,?,3898.4,?,?,330.9898992208,12775.828,0.2703860916,?,?,10.9128711629,6.303754567,?,?,?,?,?,?,?,?,?,99.05288,70.2,71,0.8,0.457,7943,81,?,?,0.7104260688,4.7250315E7,2.757009128,1.5394152627E7
Middle East & North Africa,?,2016.165200147,3.1565445292,216.41696969,1388.7474934312,1230256.498,3.8441898051,604.5803948494,?,19.9783480404,4.0250946173,?,3.9418E9,?,?,?,74.32,1.11897955971043E12,3365.8226525223,93.15,90.08151587,36.0021814304,87.1862886409,?,?,?,84.1592175778,?,?,1.7594934836,3.20030113074644E8,2.2429063984,1.84005076673286E8
Montenegro,?,3334.5,21.2495593227,?,?,1950.844,3.100588857,293.7146753287,?,?,13.2542424374,?,5.55E7,?,?,?,?,4.51973194668229E9,6370,?,?,8.8,98,?,?,?,92,?,0.09,0.194567602,629185,-0.3688141698,378643.533
Mongolia,?,1382.8,15.0215613074,325.7505585492,1160.2392375708,10894.657,4.0842598653,1146.7031016598,?,?,13.387541137,?,0,?,?,3.3,?,5.62323670752472E9,1770,?,93.31725,36.1,76,3.5,2.763,?,50,?,?,1.6238126263,2667474,1.9040229673,1525261.6332
Northern Mariana Islands,?,?,?,?,?,?,?,?,?,?,1.1155701312,?,?,?,?,?,?,?,?,?,?,?,98,?,?,?,?,?,?,-2.5848309755,62707,-2.4750012006,57126.077
Mozambique,?,845.7,5.9812359886,542.0174935279,420.3913956539,2313.877,0.1036084431,133.5840582002,?,6.8261085663,15.8272739453,?,2.3E7,0,?,3.3,20.78,9.89126491512346E9,380,86.57,59.24422,144.1,47,?,?,32555,17,?,59.58,2.3631551385,2.23329E7,4.5031544997,8227440.36
Mauritania,?,768.6,9.4298303993,?,?,1998.515,0.6064828387,343.5811140319,?,?,0.536362679,?,4.0E7,?,?,3,?,3.58861173180747E9,960,?,64.23913,112.4,49,?,?,17325,26,16.7,?,2.5380261834,3295254,3.0270247128,1351054.14
Mauritius,21.4285714286,7894.7,3.9178849996,?,?,3953.026,3.1154301441,269.5524489619,?,?,4.4834457594,?,1.3E7,?,0,?,98.03,9.64103688844751E9,6890,100.465,90.13782,15.4,99,?,?,?,91,?,?,0.6453354338,1268854,0.7866782135,539009.1792
Malawi,0.5299707602,1598.6,4.1733418297,?,?,1228.445,0.087714037,120.0602113949,?,?,15.0172516583,?,5.72E7,?,?,3.4,?,4.07414355430153E9,280,99.373,57.91126,104.7,80,0.28,0.019,33773,56,?,?,3.0132105801,1.4005113E7,5.708791579,2632961.244
Malaysia,?,3602.1,3.3250506004,205.3598170303,2655.2071397841,208267.265,7.5728021387,585.697905938,?,9.0283480392,17.8828407627,0,8.8244E8,4.25E8,0,?,?,2.21828443113772E11,7150,102.71,97.33081,7,100,2.73,0.941,75,96,?,?,1.6529797673,2.7502008E7,2.969164719,1.93504128288E7
Mayotte,?,?,?,?,?,?,?,?,?,?,2.168968663,?,?,?,?,?,?,?,?,?,?,?,?,?,?,?,?,?,?,3.1152000011,191805,?,?
Namibia,?,494.9,4.5609169717,144.4248683448,836.2632258721,3967.694,1.8031513955,311.4090095616,?,?,14.4555226216,?,0,?,?,?,?,8.96752302472128E9,4120,?,80.79235,46.8,92,?,?,4589,33,?,?,1.9011419484,2200422,3.4880425545,810635.4648
New Caledonia,?,3626.1,?,?,?,3149.953,12.7680954987,?,?,?,5.5371859485,?,?,?,?,?,?,?,?,?,?,?,?,?,?,?,?,?,?,1.7604036666,246705,2.3176806506,159815.499
Niger,?,488.9,6.3395273895,?,?,850.744,0.0588749888,90.2839046171,?,6.6626265302,6.8351448635,?,5.47E7,?,?,3.2,20.65,5.36991134632992E9,330,73.941,37.87114,155.9,48,0.14,0.019,37958,9,?,?,3.5526406822,1.4450007E7,4.0374901169,2390031.1578
Nigeria,?,1598.4,3.9574591161,378.1958933317,735.88315007,95756.371,0.6355550861,326.6338188611,?,14.7254249523,12.8448710943,?,2.995E9,3.82E8,?,2.9,?,2.07117912034147E11,1170,?,?,151,58,1.61,0.395,38259,32,26.7,?,2.4961230478,1.5066573E8,3.9961511738,7.2861947028E7
Nicaragua,?,1811,9.8254258377,216.8766630923,540.8067354949,4330.727,0.7684620404,308.1719810181,?,?,36.7228365552,0,1.56E8,?,?,3.4,?,6.37224289655547E9,1050,102.494,74.54399,29.5,85,?,?,26,52,?,?,1.2844451341,5635577,1.7791457896,3197626.3898
Niue,?,?,?,?,?,3.667,2.3581993569,?,?,?,22.2223500181,?,?,?,?,?,?,?,?,?,?,24.2,100,?,?,?,100,?,?,-2.7277301713,1555,?,?
Netherlands,?,8331.9,1.0340869933,126.8434092779,4837.1668932826,173749.794,10.5651279343,277.0458154961,2.6680336391,12.4322181632,12.3645649348,?,?,?,?,?,?,8.73367268465961E11,49000,98.195,?,4.7,100,0.15,?,?,100,?,?,0.3892924615,1.6445593E7,1.0514653286,1.34557841926E7
Norway,?,4488,1.6833765713,128.7008923743,6249.3678972328,49992.211,10.48447741,215.9196931485,-34.3031908366,?,14.4202411504,?,?,?,?,?,?,4.46241134751773E11,84850,99.007,97.57057,3.6,100,14.76,4.076,?,100,?,?,1.2463330154,4768212,1.3238023543,3694410.6576
Nepal,27.7434679335,2361.1,0.007915017,325.232625073,332.0693000931,3542.322,0.1225489752,120.0259249662,?,?,16.9966968481,?,0,?,?,3,?,1.25726063528817E10,400,?,?,55,88,?,?,103,31,?,?,1.8559452437,2.8905358E7,4.6796622619,4983283.7192
Nauru,?,?,?,?,?,143.013,14.0484282908,?,?,?,?,?,?,?,?,?,?,?,?,111.964,?,40,90,4.93,0.714,?,50,?,?,0.2557294597,10180,?,?
New Zealand,?,7379.7,4.3467746508,158.5814518255,4042.5308627515,33094.675,7.7525065005,304.1173408135,-29.3601361229,30.7596804797,25.8471849272,?,?,?,?,?,65.89,1.17816546666667E11,27320,103.379,?,6.2,100,?,?,?,?,?,?,0.9556161787,4268900,1.0943445246,3695159.84
Oman,?,3341.4,4.8737546842,252.9978733513,6235.3969320009,45749.492,17.34931131,703.9389654597,?,?,10.6767425413,?,?,?,?,?,43.46,6.05669705792556E10,18750,?,?,10.9,88,4.11,1.901,?,?,?,?,2.9157053273,2636963,2.9715712505,1888592.9006
Pakistan,72.7929984779,2653.7,3.3180452675,213.3905899765,494.354537431,163177.833,0.9745319667,420.6615608485,?,17.8763475586,10.2938055471,1.0844E9,2.2555E9,3.03E8,?,3,?,1.63891676021598E11,940,80.208,60.34669,89.6,90,?,?,881,45,?,?,1.8058771374,1.67442258E8,2.9741797167,6.05471204928E7
Panama,?,2735,9.5480314413,70.4541262492,822.5790968819,6912.295,2.0291564301,173.7978072205,?,38.5597537874,18.6760933537,1.97E7,8.78E8,?,?,?,38.14,2.30016E10,6230,101.087,101.85214,21.2,93,?,?,35,69,?,?,1.6520333808,3406487,2.7509455384,2493548.484
Peru,?,3830.6,5.4593137686,66.3353718553,528.5157700056,40535.018,1.4241132927,178.7441173863,?,30.1951092314,13.6213951801,3.282E8,8.424E8,4.39E8,?,?,?,1.26822739599823E11,4070,99.38,100.96242,22.4,82,?,?,478,68,?,?,1.0498527137,2.8463338E7,1.1900069062,2.0322823332E7
Philippines,?,3334.3,0.8893879428,129.8511306794,439.2146978492,83156.559,0.9221876927,272.6391334012,?,14.0994182314,10.8505447906,1.82E9,1.2086E9,3.153E8,?,?,?,1.73602533345578E11,1770,101.685,93.67477,31.3,91,?,?,96,76,?,?,1.7005878337,9.0173139E7,2.8469985301,5.85404018388E7
Palau,?,?,1.0336888603,?,?,212.686,10.514435436,827.4911919458,?,?,1.97374013,?,?,?,?,?,?,1.66394363535E8,6700,?,?,20.2,?,?,?,?,?,?,?,0.5452846506,20228,1.9470597941,16275.4488
Papua New Guinea,?,4228.2,-0.3805127962,?,?,2108.525,0.3219481933,157.9831018002,?,?,3.0733721779,?,0,?,?,2.9,?,8.01037037037037E9,1100,?,?,63.2,40,0.51,0.053,18012,45,?,?,2.3632495108,6549268,2.2038869273,821278.2072
Poland,?,3217.2,2.8292366126,156.0259468843,2567.3778455138,316066.064,8.2900923756,503.8095638792,-34.8578216079,4.4763226878,21.8332981041,1.5002E9,2.281E9,1.4393E9,?,?,68.1512924679,5.2940075543749E11,11870,99.493,?,6.6,100,5.73,2.144,?,90,?,0.07,0.0136373797,3.8125759E7,-0.0841621391,2.33787154188E7
Puerto Rico,?,1764.2,?,?,?,?,?,?,?,68.5474944956,10.0859919101,?,?,?,?,?,?,?,?,?,?,?,?,?,?,?,?,?,?,0.337344737,3954553,0.581744044,3888116.5096
Korea,?,3716.2,?,?,839.7794790911,78371.124,3.2483650538,?,?,11.696740105,3.9715822213,?,4.0E8,?,?,?,?,?,?,?,?,33.1,100,?,?,284,?,?,?,0.4891384385,2.4126329E7,1.065140031,1.51223830172E7
Portugal,?,3597.8,1.8581723341,104.7196544103,2299.8794153457,56310.452,5.3010979709,241.3731536533,-13.45436079,38.8486495488,5.9194564031,?,?,?,?,?,?,2.5192529388069E11,21520,99.858,?,4.1,99,5.33,?,?,100,?,?,0.1326189926,1.0622413E7,1.1808111763,6316086.7698
Paraguay,?,2681.3,1.6517361183,165.3502240149,719.6667480974,4118.041,0.6609760905,151.8654917999,?,30.8841935835,5.4452928218,?,1.788E8,?,?,?,?,1.68731552760934E10,2130,99.523,94.17187,26.2,86,?,?,16,70,?,5.08,1.7968282536,6230242,2.7968365871,3756835.926
French Polynesia,?,?,?,?,?,891.081,3.3684041415,?,?,?,0.3501074008,?,?,?,?,?,?,?,?,?,?,?,100,?,?,?,98,?,?,1.2154875194,264541,1.1767653505,136608.9724
Qatar,?,3970,3.413012235,214.1578969599,16513.3346704296,68477.558,49.0505837858,636.1265049047,?,?,0.7416276897,?,?,?,?,?,?,1.10712359446651E11,?,119.781,115.44132,9,100,?,?,?,100,?,?,16.9672923296,1396060,17.0509743428,1335191.784
Romania,1.8972390374,3247.1,6.9390344651,155.3586358024,1832.1738199175,94659.938,4.4000000558,373.0967000865,-36.414555225,8.9820812135,7.1098089625,1.4475E9,1.409E9,?,?,?,?,2.00071062765493E11,8290,98.886,96.00964,16,?,?,?,?,72,?,0.5,-0.1544385712,2.1513622E7,0.1779717072,1.16689885728E7
Russian Federation,1.9708205333,2388.1,4.5159152923,328.4402806162,4850.177590701,1708653.318,12.0370082282,815.1120832865,-592.8036796711,18.0644783374,9.0211141867,1.2412E10,7.1971E9,2.4E7,3.69E8,?,?,1.660846387626E12,9630,98.038,95.23701,13.4,96,?,?,?,87,?,0,-0.1056152184,1.4195E8,-0.1330688905,1.0339638E8
Rwanda,?,1278.4,2.1931936997,?,?,704.064,0.0703776015,71.0657202519,?,?,9.9857002897,?,4.36E7,?,?,3.5,?,4.71230607747675E9,430,100.146,53.97523,104.1,65,?,?,11429,54,?,?,2.9783242596,1.0004092E7,4.5168161435,1834750.4728
South Asia,?,2773.1319419606,3.3493477411,193.3927528863,498.1235301468,1970176.424,1.2828412471,504.6376786371,?,13.2619134095,6.1035485659,1.412758E10,1.35707E10,5.72665E9,7.59E7,?,58.925,1.52479171746328E12,999.7828845988,92.237,84.87983422,70.7891390032,86.6424117694,?,?,1127.2927816367,35.5661840806,?,?,1.4091809074,1.53579129796069E9,2.5170146079,4.53025943304652E8
Saudi Arabia,?,5218.2,8.2835616108,286.3274145662,5888.2457926675,433556.744,16.5690650603,805.7030442578,?,38.7661250648,31.2943930592,?,?,?,?,?,?,4.763048E11,16790,90.699,95.15082,18.9,?,2.1,0.939,7,?,?,?,2.5643075333,2.6166639E7,2.3703680785,2.15665438638E7
Sudan,1.1647969195,567.1,4.4811438984,181.4916138041,355.6374574126,14051.944,0.3392947668,173.15148755,?,11.7859355384,4.8950173801,?,2.07E8,?,?,2.3,?,5.80320574162679E10,1140,89.114,50.13814,105.7,57,0.84,0.28,12805,34,?,?,2.5469807144,4.1415151E7,4.5935637736,1.79907415944E7
Senegal,?,1174.2,3.0100714754,141.3398176925,242.5380646321,4976.119,0.4221656973,246.0183838666,?,22.828064151,24.0891625445,?,2.98E8,1.34E8,?,3.4,?,1.32100740654676E10,1020,95.498,56.25593,82.3,69,0.42,0.059,7077,51,?,?,2.6866451389,1.1787123E7,3.3020316963,4995382.7274
Singapore,?,?,4.5345847457,71.9214030201,3451.8913501674,32295.269,6.6734035211,139.0427726334,?,95.3635368021,5.3770595427,?,?,?,?,?,100,1.89393185097924E11,36050,?,?,2.8,100,?,?,?,100,?,?,5.3215779448,4839400,5.3215779448,4839400
Small island developing states,?,2175.4296814417,4.8924240856,138.8749234786,?,230301.090734621,3.730938081,351.5243459,?,?,6.7205724973,?,2.0815E8,?,?,?,49.9000015259,5.7530061847613E11,7997.6540478476,?,?,51.8685549016,79.8435657935,?,?,?,67.3890020184,?,?,,6.17273955601041E7,,3.5995451845533E7
Solomon Islands,?,3174,14.6978123261,?,?,198.018,0.3881024105,160.0738165613,?,?,0.0931345122,?,0,?,?,2.6,?,6.45796657499395E8,1050,?,?,28.1,?,?,?,13718,?,?,?,2.7280622894,510221,4.525863519,91635.6916
Sierra Leone,?,1332.7,2.9477648783,?,?,1334.788,0.2378398643,332.1933790505,?,?,4.9591272655,?,2.19E7,?,?,2.7,?,1.95482824601522E9,320,?,?,185.4,49,0.17,0.016,36141,13,21.3,?,2.4137322504,5612129,3.2648012172,2119139.9104
El Salvador,?,2905.3,1.6788951816,132.8066702885,833.3414360545,6112.889,0.9972691654,158.9312513609,?,24.4911436714,0.8271477641,0,2.318E8,?,?,?,?,2.21068E10,3460,98.28,89.35034,18.8,87,0.41,1.596,1,87,?,5.11,0.4703006813,6129628,0.9657599938,3720684.196
San Marino,?,?,?,?,?,?,?,?,?,?,?,?,?,?,?,?,?,1.89980957961037E9,50400,?,?,2.4,?,?,?,?,?,?,?,0.614100475,31198,0.6565633207,29394.7556
Somalia,?,337.9,?,?,?,649.059,0.0727460307,?,?,13.6760641362,0.5840383997,?,0,?,?,?,?,?,?,?,?,180,30,?,?,8711,23,?,?,2.1383873355,8922260,3.3505233887,3258409.352
Serbia,0.5142405063,4580,6.1330191092,224.4474098836,2299.2376691803,49933.539,6.7934745091,663.1666565507,?,15.1603876945,5.9578332477,?,1.86E8,?,?,?,47.74,4.88566098683679E10,5520,101.752,104.3832,7.8,99,?,?,?,92,?,0.14,-0.4257191567,7350221,-0.0792318033,3825055.0084
Sub-Saharan Africa,?,1292.466118158,3.8284183711,318.2164059351,709.5303965016,684558.623763832,0.8425320431,428.6086301369,?,13.6657633402,11.6992865007,?,1.172691E10,?,?,?,18.2999992371,9.9354153042417E11,1103.9988368085,87.484,64.38419223,127.9091720326,59.7246337024,?,?,26113.2792406897,31.3627140396,?,?,2.4905897487,8.12501589E8,3.8906180956,2.960546095764E8
Sao Tome and Principe,?,3167,33.2018642825,?,?,128.345,0.8028989315,496.2426491546,?,?,?,?,?,?,?,3.1,?,1.70904224752756E8,1020,99.952,74.25912,81.1,89,?,?,1961,26,?,?,1.5705858242,159852,2.9338654583,96806.3712
Suriname,?,4188.7,-7.6207408816,?,?,2438.555,4.7344515072,697.7433770142,?,?,11.439635169,?,0,?,?,?,?,3.06531876138433E9,5310,107.411,88.2705,32,93,?,?,681,84,?,?,0.9617690957,515066,1.4166193782,385887.4472
Slovak Republic,1.3422818792,5175.3,3.281237508,165.0219065377,3385.488472848,37557.414,6.9465529889,338.6020739051,-3.176158962,?,23.4816602704,?,?,?,?,?,?,9.84635125238026E10,16590,100.411,95.64045,8.9,100,6.58,?,?,100,?,?,0.1723074889,5406626,0.3846969492,3057987.6656
Slovenia,0.8130081301,5464,3.5444773542,140.7128810027,3826.9464052132,17157.893,8.4884763194,312.1125387586,-8.4827191462,?,12.1322667553,?,?,?,?,?,100,5.46428424110151E10,24210,99.311,96.22861,3.4,99,8.16,2.473,?,100,?,?,0.1581408436,2021316,-0.4572457138,982359.576
Sweden,?,4820.4,7.7762221144,156.847547591,5379.9591025113,49049.792,5.3201435154,155.1036815196,-33.8787047495,13.7929183112,11.3219510782,?,?,?,?,?,23.57,4.86158607819636E11,52420,99.277,94.07067,3.2,100,?,?,?,100,?,?,0.7790332908,9219637,0.8737078541,7794281.1198
Swaziland,?,1153.9,3.7269649681,?,?,1092.766,0.9499471462,205.6199311027,?,?,3.0174272038,?,1.95E7,?,?,?,?,2.83687599864426E9,2600,?,?,85.8,69,?,?,57,55,?,?,1.5185867765,1150344,2.6476310281,286895.7936
Sint Maarten (Dutch part),?,?,?,?,?,?,?,?,?,?,?,?,?,?,?,?,?,?,?,?,?,?,?,?,?,?,?,?,?,2.4900251734,40459,?,?
Seychelles,?,?,26.2147877541,?,?,682.062,7.8437600626,404.3576245171,?,?,41.9737365011,?,0,?,?,?,96.4566929134,9.2099141394916E8,10680,104.324,110.3078,13.5,?,?,?,?,?,?,?,2.2362827154,86956,3.1235343769,47251.8904
Syrian Arab Republic,9.7567995395,896.6,2.7899315354,286.2220562965,1291.4945711578,71598.175,3.6459411322,808.0163798695,?,33.44701062,0.6380150499,?,9.54E7,?,?,?,91.03,5.2581935483871E10,2220,96.801,113.56463,17.2,89,1.86,1.5,?,96,?,?,2.0386,1.96377759275158E7,2.647147961,1.0647602107899E7
Turks and Caicos Islands,?,?,?,?,?,157.681,4.3848998888,?,?,?,42.9228851783,?,?,?,?,?,?,?,?,?,?,?,100,?,?,?,?,?,?,4.4234372914,35960,?,?
Chad,?,811.7,2.7950200012,?,?,495.045,0.0464666847,36.8197172574,?,?,9.3858427855,?,9.85E7,?,?,2.2,?,8.35714285714286E9,550,63.611,?,176.7,50,?,?,39508,9,?,?,2.6818724222,1.0653762E7,4.4210466934,2842423.7016
Togo,?,1136.4,0.7549876033,506.709835951,443.614905527,1419.129,0.2456584806,280.5982550308,?,26.2952719628,11.2566735641,1.9E8,0,?,?,2.2,?,3.16338304041634E9,420,?,61.86793,107.5,60,0.27,0.053,30388,12,?,?,2.1703357505,5776837,3.8510475822,2426271.54
Thailand,?,3020.8,3.1297789566,211.0565702061,1557.1677657031,285732.64,4.1854560751,567.2914784298,?,10.002771138,19.590347452,2.341E9,4.06E8,?,0,?,?,2.72577816170884E11,3640,102.613,?,13.9,98,?,?,322,96,?,?,0.6931023446,6.8267982E7,1.7187523613,2.27468916024E7
Tajikistan,15.0200973133,2140.2,7.2808161993,209.3214509261,372.7462169442,3146.286,0.4701973394,264.0466484438,?,?,4.1366107914,?,6.8E7,?,?,2.6,?,5.16133617046084E9,620,90.556,97.72262,67.3,70,?,?,9,94,?,?,1.3085480599,6691416,1.3841624302,1770548.6736
Turkmenistan,?,2490.6,7.5041984296,722.4786606965,4570.4914773028,47839.682,9.7266836587,1537.541732136,?,?,2.9864976199,?,5.8E7,?,?,?,?,1.70171406310869E10,2830,?,?,58.9,?,?,?,0,98,?,?,1.2182117363,4918396,2.1273089064,2391324.1352
Timor-Leste,?,1442.6,7.9727849921,?,?,190.684,0.1766003025,234.5056784918,?,?,6.0498308738,?,0,?,?,2.7,?,4.97918858206328E8,2460,?,79.77389,62.3,69,?,?,46380,50,?,?,1.7733547211,1079749,3.2493962794,294771.477
Tonga,?,?,1.1971185956,?,?,176.016,1.7103877174,413.8903050002,?,?,14.5359289888,?,0,?,?,3.3,?,3.4801196556994E8,3290,?,?,16.4,100,?,?,?,96,?,?,0.6394905886,102910,1.6942671019,25501.098
Trinidad and Tobago,?,2893.7,10.3225096892,602.9818684225,14520.0069118884,49772.191,37.3934600012,1552.8627854747,?,?,31.2393794215,?,?,?,?,?,?,2.71329365079365E10,16910,100.794,91.78207,27.7,94,?,?,?,92,?,?,0.4041090871,1331040,3.0096204618,175963.488
Tunisia,4.0076915292,1442.4,6.4598043169,120.9021086934,889.4455363107,25012.607,2.4216138214,329.1693594466,?,?,1.2963770315,?,9.9E7,?,?,?,75.18,4.08448177907637E10,3540,103.339,92.82462,18.1,94,?,?,?,85,?,?,1.0100309666,1.03289E7,1.613351047,6868718.5
Turkey,13.3300955984,2487.4,2.6705461692,111.9535792049,1388.8401949531,283979.814,4.0040169066,322.7614130993,-80.5797115606,28.9750059677,1.8915980357,4.219E9,3.954E9,1.3435E9,?,?,?,7.30337495197849E11,9260,92.875,93.42516,21,99,1.89,1.451,0,90,?,?,1.321335189,7.092373E7,1.9933610929,4.8710417764E7
Tuvalu,?,?,5.5848651239,?,?,?,?,?,?,?,0.4388127634,?,?,?,?,?,?,2.96280762972034E7,4920,?,?,34.4,97,5.82,0.636,?,84,?,?,0.2455495402,9786,?,?
Tanzania,?,1277.8,1.9311867585,382.3151731147,448.4955367894,6464.921,0.1529519242,130.3822147385,?,7.2601877932,27.688968339,?,4.77E8,?,?,3.5,7.38,2.07150983994656E10,460,93.383,?,85.4,54,?,?,24088,24,?,?,2.8788686097,4.2267667E7,4.6180428809,1.07867086184E7
Uganda,?,1534.4,5.0472229585,?,?,3747.674,0.1195834942,110.811643795,?,4.7100179863,9.6727992862,1.51E8,6.794E8,?,?,3.4,?,1.44408302672498E10,420,98.944,56.13398,106.5,67,?,?,36233,48,?,?,3.2412323476,3.1339392E7,4.4815583259,4067853.0816
Ukraine,5.2697859149,3487.3,6.0508559903,437.6086516118,2941.1092087457,323532.076,6.9940481039,1040.6468249994,-17.2459242477,13.4893467537,3.5088718353,?,1.3638E9,?,1.02E8,?,97.81,1.8035464763062E11,3210,98.806,98.8861,14,98,?,?,?,95,?,0.04,-0.5414622109,4.62582E7,-0.4531619844,3.144632436E7
Upper middle income,?,3781.4781909819,3.7016866103,228.044241294,1834.0663374843,1.2859967139812E7,5.3168833232,659.4264582444,?,21.7250372437,13.6331261633,3.365525E10,?,1.539039E10,3.04401362E9,?,50.5012738542,1.32949597526454E13,4880.4297043415,102.494,97.69968723,22.1037243865,91.5048879093,?,?,80.1339891949,67.8299537972,?,?,0.6911048223,2.4187040335601E9,1.9285336871,1.35644502359893E9
Uruguay,1.2088650101,3943.9,5.8035882281,106.4842491428,1243.1503767788,8327.757,2.4977885768,213.9525081473,?,48.8971377771,0.2509417024,?,5.29E7,?,?,?,?,3.11768998906419E10,8020,103.913,106.00034,12,100,5.55,3.736,?,100,?,?,0.3047783676,3334052,0.4131794622,3077329.996
United States,?,6619.9,2.16895271,172.9717280646,7481.0165848049,5461013.744,17.9417289331,414.8382539776,-1007.2515088757,44.6030150308,14.8141725165,?,?,?,?,?,67.37,1.42969E13,47660,100.088,95.4828,7.7,99,?,?,?,100,?,?,0.9225172899,3.04375E8,1.2903901757,2.48674375E8
Uzbekistan,?,4348.7,2.5478624896,753.1202452695,1848.918052113,124905.354,4.5729928205,1862.7182911753,?,8.0278395091,2.2554439878,?,4.131E8,2.5E7,?,2.7,?,2.79175192106579E10,890,98.288,94.68316,53.6,87,?,?,0,100,?,?,1.645986424,2.73137E7,1.7546820869,1.005690434E7
St. Vincent and the Grenadines,?,3181.8,27.2737525453,?,?,201.685,1.847304402,215.240227068,?,?,10.877854156,?,0,?,?,3.8,?,5.8387037037037E8,5130,99.762,109.16745,21.4,?,?,?,?,?,?,?,0.1081388315,109178,0.9192425312,51357.3312
Venezuela,?,3826.4,0.1124929476,200.4885405299,2357.0081260068,169532.744,6.0688292107,516.2182929057,?,32.180247002,53.7498250426,?,3.91E8,?,?,?,?,3.11130615277131E11,9160,102.196,95.38287,19.4,?,?,?,263,?,?,?,1.631275121,2.7935E7,1.9962782101,2.6068942E7
Virgin Islands (U.S.),?,?,?,?,?,?,?,?,?,?,15.1993226778,?,?,?,?,?,?,?,?,?,?,?,?,?,?,?,?,?,?,0.0172993841,109840,0.249489462,104194.224
Vietnam,?,5064.2,10.6110562751,266.1771973716,694.8722602655,127384.246,1.4964850104,573.242319131,?,12.0161966958,6.1667888567,?,0,3.65E8,?,3.6,?,9.02737649457486E10,920,?,?,25.2,94,1.01,1.224,55,75,20.2,13.07,1.0643562226,8.51223E7,2.8035304938,2.369804832E7
Vanuatu,?,546.6,7.0888370092,?,?,91.675,0.4020110419,98.6544730348,?,?,4.2504736976,?,3.5E7,?,?,3.3,?,6.19283529063456E8,2550,99.362,78.18632,15.3,83,1.7,0.116,6036,52,?,?,2.5151297587,228041,4.2259657844,56462.9516
West Bank and Gaza,4.6195652174,1467.9,?,?,?,2053.52,0.5215541884,?,?,?,?,?,0,?,?,?,?,?,?,104.414,82.10409,23.8,91,?,?,?,89,?,?,2.7062358434,3937309,2.8454147106,2830925.171
World,?,3554.1278711691,3.0878896874,183.3109674206,1840.103747768,?,?,?,?,19.8362883924,12.4895801062,?,?,?,?,?,49.1000003815,6.12585370641227E13,8717.1469881154,96.16,87.97033092,60.8540182981,86.8208637646,?,?,4601.3132503134,60.6185462908,?,?,1.1610496571,6.68677600659544E9,2.0358806422,3.33144447975367E9
Samoa,?,?,5.7628098355,?,?,161.348,0.8874588167,213.0412960009,?,?,3.4078283954,?,0,?,?,3.9,?,5.7889918646637E8,2880,?,?,20.8,?,?,?,?,100,?,?,0.2930437311,181809,1.166411728,41816.07
Yemen,?,939.1,5.7755438847,142.1676964293,320.2263972993,23384.459,1.0334943901,458.8301212986,?,9.3563260402,0.5206608746,?,5.01E7,2.2E8,?,3,?,2.69173639560592E10,970,?,60.90959,81.1,62,?,?,1106,52,?,?,3.0495984061,2.2626595E7,4.9606944609,6932788.708
South Africa,?,4055.3,3.5036616208,320.1910405126,3074.5974496107,435877.955,8.9332026821,930.3108809465,?,33.2340226846,6.8595500813,?,1.927E9,?,?,?,?,2.7527872183579E11,5860,99.154,92.49449,65.6,91,?,?,80,77,?,?,1.1040572154,4.8793022E7,1.897449807,2.96368815628E7
Dem. Rep. Congo,?,771.5,14.798969977,1193.8872189503,356.0234053032,2816.256,0.0450781987,151.1650202197,?,17.3525156927,9.986566577,?,3.35E8,?,?,2.2,?,1.16683796418326E10,160,75.821,53.23827,174.4,46,?,?,37400,23,?,?,2.7632855893,6.2474901E7,4.6058340013,2.12164763796E7
Zambia,?,2144,6.4109907485,481.1962647686,614.8517417186,1888.505,0.1525496114,119.3886236655,?,11.1096050506,35.9830176648,?,1.31E8,?,?,3.2,?,1.4640794797859E10,970,95.4779740062,92.97974,121.8,60,?,?,13456,49,?,?,2.6539560765,1.2379612E7,3.0499961981,4384858.5704
Zimbabwe,?,309.4,1.1684782609,?,763.4369491396,9075.825,0.728891592,?,?,12.7178133666,28.0077131298,?,1.23E8,?,?,1.6,?,4.416E9,320,?,?,87.5,82,?,?,7480,44,?,?,-0.2382566607,1.2451543E7,1.0555619265,4649406.1562
